Start Time,End Time,Duration,Engine Run Hours,Estimated Fuel,Event Type
2018-04-02 07:58:26,2018-04-02 08:02:15,0:03:49,1.4,12.72 cubic feet,Running in Manual
2018-05-05 11:49:21,2018-05-05 11:50:34,0:01:13,2.5,4.06 cubic feet,Running due to Utility Loss
2018-05-09 08:53:03,2018-05-09 08:55:11,0:02:08,2.7,7.11 cubic feet,Running due to Utility Loss
2018-05-14 17:52:47,2018-05-14 17:54:55,0:02:08,2.9,7.11 cubic feet,Running due to Utility Loss
2018-07-01 16:15:10,2018-07-01 16:17:30,0:02:20,4.4,7.78 cubic feet,Running due to Utility Loss
2018-08-28 21:38:01,2018-08-28 21:40:07,0:02:06,6.2,7.00 cubic feet,Running due to Utility Loss
2018-08-28 21:43:31,2018-08-28 21:44:43,0:01:12,6.3,4.00 cubic feet,Running due to Utility Loss
2018-08-28 21:52:02,2018-08-28 22:45:05,0:53:03,8.5,176.83 cubic feet,Running due to Utility Loss
2018-09-19 12:12:33,2018-09-19 12:15:04,0:02:31,9.2,8.39 cubic feet,Running in Manual
2018-09-25 22:27:34,2018-09-25 22:32:58,0:05:24,9.7,18.00 cubic feet,Running due to Utility Loss
2018-11-25 23:31:15,2018-11-25 23:33:41,0:02:26,11.6,8.11 cubic feet,Running due to Utility Loss
2018-11-26 00:18:06,2018-11-26 12:09:13,11:51:07,41.1,2370.39 cubic feet,Running due to Utility Loss
2018-11-29 15:10:36,2018-11-29 15:11:49,0:01:13,41.3,4.06 cubic feet,Running due to Utility Loss
2019-01-08 19:54:10,2019-01-08 19:55:23,0:01:13,42.6,4.06 cubic feet,Running due to Utility Loss
2019-01-08 20:25:37,2019-01-08 20:27:45,0:02:08,42.6,7.11 cubic feet,Running due to Utility Loss
2019-02-24 12:48:41,2019-02-24 12:49:52,0:01:11,44.1,3.94 cubic feet,Running due to Utility Loss
2019-03-14 14:47:30,2019-03-14 15:49:23,1:01:53,47.2,206.28 cubic feet,Running due to Utility Loss
2019-03-26 09:26:04,2019-03-26 09:28:12,0:02:08,47.6,7.11 cubic feet,Running due to Utility Loss
2019-04-15 12:20:47,2019-04-15 12:22:59,0:02:12,48.3,7.33 cubic feet,Running in Manual
2019-04-15 12:47:00,2019-04-15 12:51:48,0:04:48,48.5,16.00 cubic feet,Running in Manual
2019-05-14 12:20:35,2019-05-14 12:21:44,0:01:09,49.4,3.83 cubic feet,Running due to Utility Loss
2019-05-17 00:04:59,2019-05-17 00:07:07,0:02:08,49.6,7.11 cubic feet,Running due to Utility Loss
2019-06-03 16:29:51,2019-06-03 16:31:01,0:01:10,50.2,3.89 cubic feet,Running due to Utility Loss
2019-09-17 13:26:07,2019-09-17 13:50:32,0:24:25,54.3,81.39 cubic feet,Running due to Utility Loss
2019-09-25 13:19:01,2019-09-25 13:21:05,0:02:04,54.6,6.89 cubic feet,Running in Manual
2019-10-30 07:19:47,2019-10-30 10:04:28,2:44:41,62.5,548.94 cubic feet,Running due to Utility Loss
2020-01-20 21:07:17,2020-01-20 21:09:43,0:02:26,65.1,8.11 cubic feet,Running due to Utility Loss
2020-03-03 11:27:35,2020-03-03 11:30:29,0:02:54,66.5,9.67 cubic feet,Running in Manual
2020-03-03 11:48:39,2020-03-03 11:52:05,0:03:26,66.6,11.44 cubic feet,Running in Manual
2020-05-14 06:12:58,2020-05-14 06:14:07,0:01:09,68.8,3.83 cubic feet,Running due to Utility Loss
2021-04-30 14:01:25,2021-04-30 14:02:26,0:01:01,79.3,3.39 cubic feet,Running in Manual
2021-04-30 14:38:18,2021-04-30 14:40:27,0:02:09,79.4,7.17 cubic feet,Running due to Utility Loss
2021-04-30 14:56:15,2021-04-30 14:58:08,0:01:53,79.4,6.28 cubic feet,Running due to Utility Loss
2021-07-29 02:52:01,2021-07-29 02:53:11,0:01:10,82.1,3.89 cubic feet,Running due to Utility Loss
2021-08-10 11:11:50,2021-08-10 11:12:04,0:00:14,82.5,0.78 cubic feet,Running in Manual
2021-08-11 09:45:51,2021-08-11 09:46:48,0:00:57,82.6,3.17 cubic feet,Running due to Utility Loss
2021-09-27 01:35:09,2021-09-27 01:36:20,0:01:11,84.0,3.94 cubic feet,Running due to Utility Loss
2022-03-06 07:59:53,2022-03-06 08:02:26,0:02:33,88.9,8.50 cubic feet,Running due to Utility Loss
2022-03-06 12:46:42,2022-03-06 13:13:22,0:26:40,90.0,88.89 cubic feet,Running due to Utility Loss
2022-08-10 01:08:52,2022-08-10 01:10:05,0:01:13,94.7,4.06 cubic feet,Running due to Utility Loss
2022-08-10 03:36:53,2022-08-10 03:38:09,0:01:16,94.8,4.22 cubic feet,Running due to Utility Loss
2022-09-01 19:32:33,2022-09-01 19:33:49,0:01:16,95.5,4.22 cubic feet,Running due to Utility Loss
2022-09-01 19:37:09,2022-09-01 19:39:28,0:02:19,95.6,7.72 cubic feet,Running due to Utility Loss
2022-09-20 18:08:13,2022-09-20 18:10:50,0:02:37,96.3,8.72 cubic feet,Running due to Utility Loss
2023-02-15 06:46:52,2023-02-15 06:48:08,0:01:16,100.7,4.22 cubic feet,Running due to Utility Loss
2023-02-15 06:48:46,2023-02-15 06:50:29,0:01:43,100.8,5.72 cubic feet,Running due to Utility Loss
2023-06-08 13:24:32,2023-06-08 13:25:47,0:01:15,104.2,4.17 cubic feet,Running due to Utility Loss
2023-06-08 13:28:29,2023-06-08 13:29:44,0:01:15,104.2,4.17 cubic feet,Running due to Utility Loss
2023-07-08 08:31:40,2023-07-08 08:32:53,0:01:13,105.2,4.06 cubic feet,Running due to Utility Loss
2023-07-14 21:07:32,2023-07-14 21:18:47,0:11:15,105.8,37.50 cubic feet,Running due to Utility Loss
2023-07-20 16:35:44,2023-07-20 16:36:54,0:01:10,106.0,3.89 cubic feet,Running due to Utility Loss
2023-07-20 16:39:39,2023-07-20 16:42:03,0:02:24,106.1,8.00 cubic feet,Running due to Utility Loss
2023-07-22 19:02:55,2023-07-22 19:05:33,0:02:38,106.3,8.78 cubic feet,Running due to Utility Loss
2023-11-12 00:25:56,2023-11-12 00:28:19,0:02:23,109.8,7.94 cubic feet,Running due to Utility Loss
2023-11-12 01:02:24,2023-11-12 01:16:14,0:13:50,110.3,46.11 cubic feet,Running due to Utility Loss
2024-12-16 11:53:29,2024-12-16 11:54:39,0:01:10,122.3,3.89 cubic feet,Running due to Utility Loss
2025-01-25 13:24:50,2025-01-25 13:27:22,0:02:32,123.6,8.44 cubic feet,Running due to Utility Loss
2025-01-31 10:50:20,2025-01-31 10:52:25,0:02:05,123.8,6.94 cubic feet,Running due to Utility Loss
2025-06-05 23:51:11,2025-06-05 23:52:26,0:01:15,127.6,4.17 cubic feet,Running due to Utility Loss
